제품명,가격,평점,리뷰개수
[삼성 공식파트너]갤럭시 버즈3 실버,94000,0.0,0
[삼성 공식파트너]갤럭시 버즈3 화이트,94000,0.0,0
[삼성 공식파트너]갤럭시 버즈3+케이블홀더,95000,4.91,78
[삼성 공식파트너]갤럭시 버즈3+투명파우치,97000,4.91,44
해외삼성전자 갤럭시 버즈3 프로 R630 무선 블루투스 이어폰,169500,4.78,148
삼성전자 갤럭시 버즈3 프로 SM-R630N,206990,4.87,532
삼성전자 갤럭시 버즈3 클리너 패키지 무선 노이즈캔슬링 블루투스 이어폰 ANC,97000,4.86,50
삼성전자 갤럭시 버즈3 SM-R530N,90980,4.64,14
삼성전자 갤럭시 버즈3 블루투스 이어폰 SM-R530N,95900,4.91,46
해외삼성전자 갤럭시 버즈3 프로 무선블루투스 이어폰 R630,164000,5.0,3
[새상품] 삼성정품 버즈3 오른쪽 실버 이어폰 개별 낱개 단품 별도 한쪽 갤럭시 분실 정품 SM-R530N,39000,5.0,1
삼성 갤럭시 버즈3 프로 블루투스 이어폰 정품 미개봉 SM-R630,205000,5.0,7
[새상품] 삼성정품 버즈3 왼쪽 실버 이어폰 개별 낱개 단품 별도 한쪽 갤럭시 분실 정품 SM-R530N,39000,5.0,3
삼성전자 갤럭시 버즈3 케이블 홀더 패키지 무선 노이즈캔슬링 블루투스 이어폰,95000,4.91,78
삼성전자 갤럭시 버즈3 투명 키링 파우치 패키지 무선 블루투스 이어폰,97000,4.91,44
삼성전자 JBL LIVE BUDS3 정품,228000,4.92,25
삼성전자 갤럭시 버즈3 케이블홀더 패키지 무선 블루투스 이어폰 노이즈캔슬링 SM-R530N,98000,4.7,20
삼성 갤럭시 버즈3 블루투스 이어폰 정품 미개봉 SM-R530,96000,4.88,48
삼성전자 갤럭시 버즈3 프로 키링 파우치 패키지 무선 블루투스 이어폰 노이즈캔슬링 SM-R630N,218000,0.0,0
삼성전자 갤럭시 버즈3프로 SM-R630N,206990,0.0,0
[새상품] 삼성정품 버즈3 오른쪽 화이트 이어폰 개별 낱개 단품 별도 한쪽 갤럭시 분실 정품 SM-R530N,39000,5.0,3
[새상품] 삼성정품 버즈3프로 충전기 실버 개별 낱개 단품 별도 한쪽 본체 갤럭시 유닛미포함 SM-R630N,78000,5.0,2
[새상품] 삼성정품 버즈3프로 오른쪽 실버 이어폰 개별 낱개 단품 별도 한쪽 갤럭시 분실 정품 SM-R630N,77000,5.0,4
[새상품] 삼성정품 버즈3프로 왼쪽 실버 이어폰 개별 낱개 단품 별도 한쪽 갤럭시 분실 정품 SM-R630N,77000,5.0,1
[새상품] 삼성정품 버즈3 충전기 실버 개별 낱개 단품 별도 한쪽 본체 갤럭시 유닛미포함 SM-R530N,39000,5.0,4
삼성전자 갤럭시 버즈3 프로 투명 키링 파우치 패키지 무선 블루투스 이어폰,218000,4.86,14
[새상품] 삼성정품 버즈3 충전기 화이트 개별 낱개 단품 별도 한쪽 본체 갤럭시 유닛미포함 SM-R530N,39000,5.0,1
[새상품] 삼성정품 버즈3프로 충전기 화이트 개별 낱개 단품 별도 한쪽 본체 갤럭시 유닛미포함 SM-R630N,88000,5.0,3
삼성전자 갤럭시 버즈3 프로 케이블 홀더 패키지 무선 노이즈캔슬링 블루투스 이어폰,216000,5.0,16
[새상품] 삼성정품 버즈3프로 왼쪽 화이트 이어폰 개별 낱개 단품 별도 한쪽 갤럭시 분실 정품 SM-R630N,76000,3.5,2
삼성전자 갤럭시 버즈3 프로 클리너 패키지 무선 노이즈캔슬링 블루투스 이어폰,218000,4.36,11
[새상품] 버즈3 본체 충전기(이어폰없음) 개별 낱개 판매 단품 별도 한쪽 분실 화이트 실버,39000,4.88,8
갤럭시 버즈3 프로 [정품] sm-r630 화이트/실버,212450,5.0,9
삼성전자 갤럭시 버즈3 프로 케이블홀더 패키지 무선 블루투스 이어폰 노이즈캔슬링 SM-R630N,216000,4.75,8
갤럭시 버즈3 실버 SM-R530N,91950,5.0,1
코코이마켓 삼성전자 갤럭시 버즈3 프로 SM-R630N,185040,2.0,1
삼성 갤럭시 버즈3 블루투스 이어폰 노이즈캔슬링 오픈형 실버,139000,5.0,1
우애스크 익스펜션 버즈3 실시간 AI 통역 이어폰 144개 언어 지원,268000,5.0,1
삼성전자 갤럭시 버즈3 키링 파우치 패키지 무선 블루투스 이어폰 노이즈캔슬링 SM-R530N,97000,5.0,2
우애스크 익스펜션 삼성 버즈3 AI 실시간 통역 이어폰 144개 언어 지원,268000,0.0,0
삼성전자 갤럭시 버즈3 SM-R530N 블루투스 이어폰,400000,4.92,39
삼성전자 갤럭시버즈3 블루투스 이어폰 생활방수 Hi-Fi사운드 오픈형 화이트,139000,5.0,1
[새상품] 삼성정품 버즈3프로 오른쪽 화이트 이어폰 개별 낱개 단품 별도 한쪽 갤럭시 분실 정품 SM-R630N,76000,0.0,0
JBL LIVE BUDS 3 필름 액정보호 저반사 2매,11520,5.0,2
삼성전자 갤럭시 버즈3 케이블 홀더 패키지 무선 노이즈캔슬링 블루투스 이어폰 ANC,98000,0.0,0
갤럭시 버즈3 Pro프로 상 하 힌지 일체형 슬림 하드 투명 케이스,5760,5.0,1
갤럭시 버즈3 외부 보호필름,7200,0.0,0
해외삼성 갤럭시 버즈 3 프로/버즈 3 용 헤드폰 이어 후크 부드러운 고무 블루투스 이어폰 손실 방지 키 체인 액세서리 후크,8250,5.0,2
삼성전자 갤럭시 버즈3 프로 키링 파우치 패키지 무선 블루투스 이어폰,218000,0.0,0
삼성전자 갤럭시 버즈3 키링 파우치 패키지 무선 블루투스 이어폰,97000,0.0,0
무선 블루투스 이어폰블루투스 버즈3 OpenRun 발송 솔로 Glass 기본판 흰색,85900,0.0,0
갤럭시버즈 3 라이브 플러스 철가루 방지 보호 스티커 고급 메탈,1630,0.0,0
무선 블루투스 이어폰블루투스 크리스탈 Live 블랙 버즈3 오른쪽 유닛 기본판 흰색,85700,0.0,0
해외JBL 라이브 버즈3 무선 이어폰 생활방수 방진 LDAC ANC,209900,0.0,0
5 2 이어폰 고속페어링 노이즈캔슬링 드라이버 멀티 통화 스포츠 에어로 레드미 버즈 3 청춘버전,48200,0.0,0
데반스 블루투스 무선 이어폰 이어폰 버즈3 버즈 s9 셋 폰 AI 화이트 중성,17500,0.0,0
삼성 갤럭시 버즈 3 무선 이어버드 헤드폰 - 실버,169500,0.0,0
JBL LIVE BUDS 3 필름 액정보호 올레포빅 2매,11520,0.0,0
이어팁 미끄럼방지 스키니 스포츠 폰을 더블 M50XWH 두께 위한 단백질 버즈3프로 스타실버 왼쪽,177100,0.0,0
JBL LIVE BUDS 3 외부필름 외부보호 필름 무광/블랙/레드/레더브라운,7200,0.0,0
삼성 갤럭시 버즈3 프로 실버 무선 노이즈캔슬링 이어폰 프로3,309800,0.0,0
해외무선 블루투스 이어폰 버즈3케이스 버즈프로3 블루투스이어폰 루광금,90200,0.0,0
삼성전자 갤럭시 버즈3 SM-R530 무선이어폰 블루투스,98000,0.0,0
갤럭시 버즈3 / 버즈3 프로 케이스 J,5500,0.0,0
삼성전자 갤럭시 버즈3 SM-R530N 실버,110000,0.0,0
해외원플러스 버즈3 무선 이어폰 글로벌 버전 노이즈캔슬링 E509A,86500,0.0,0
해외OnePlus Buds 3 무선 이어폰 글로벌 버전 노이즈캔슬링,111000,0.0,0
해외삼성 갤럭시 버즈3 프로 무선 이어버드,239960,0.0,0
해외갤럭시 버즈3 버즈3프로 호환 충전 케이스,23980,0.0,0
전자 갤럭시 버즈3 SM-R530N 화이트-GTJ,190800,0.0,0
블루투스 53 이어폰 마이크 R630 스테레오 클리어 얼티메이트 버즈3 이어훅 고속 버튼,49000,0.0,0
해외삼성 갤럭시 버즈 3 Pro 실버 Silver,266140,0.0,0
해외삼성 갤럭시 버즈3 이어버드 Silver,201040,0.0,0
해외삼성 내장 마이크 무선 갤럭시 버즈 3 화이트,149310,0.0,0
케이스 갤럭시버즈3 젤리 투명 국내생산,3260,0.0,0
포유 +LOOK 버즈3 Pro프로 상 하 힌지 일체형 슬림 하드 투명 케이스 보호,5380,0.0,0
라이브 갤럭시버즈3 철가루 방지 갤럭시버즈플러스 버즈3프로공용 메탈 스티커 개별포,1490,0.0,0
해외골밀도이어폰 실리콘 케이스 버즈 3 무선 이어폰 소프트 TPU 커버 액세서리,9380,0.0,0
해외삼성 갤럭시 버즈3 무선 인이어 이어버드 충전 케이스 포함 실버,201040,0.0,0
해외삼성 갤럭시 버즈3 프로 블루투스 이어버드 충전 케이스 포함 실버,332430,0.0,0
해외삼성 갤럭시 버즈3 프로 블루투스 이어버드 충전 케이스 포함 화이트,309750,0.0,0
해외삼성 갤럭시 버즈3 AI 블루투스 이어버드 LATAM 버전 실시간 통역기 ANC 화이트,211610,0.0,0
해외삼성전자 갤럭시 버즈3 프로 화이트,201000,0.0,0
해외삼성전자 갤럭시 버즈3 프로 실버,201000,0.0,0
해외삼성 갤럭시 Buds3 Pro 무선 이어버드,385910,0.0,0
해외JBL LIVE BUDS 3 경량 스마트 터치 디스플레이 탑재 무선 소형 이어폰 블랙,244000,0.0,0
음성지원 갤럭시 버즈3케이스 국내생산,7900,0.0,0
해외원플러스 버즈 3 무선 이어폰 글로벌 버전 노이즈캔슬링,108000,0.0,0
해외삼성 갤럭시 버즈3 무선 이어버드,224700,0.0,0
해외삼성 갤럭시 버즈3 오른쪽 교체품,133350,0.0,0
해외삼성 갤럭시 버즈 3 무선 이어폰 실버,196720,0.0,0
해외삼성 갤럭시 버즈3 무선 이어버드 블랙,240730,0.0,0
해외삼성 갤럭시 버즈 3 무선 블루투스 이어폰 실버,218260,0.0,0
해외삼성 갤럭시 버즈 3 Pro 실버 무선 블루투스 Earbuds,271460,0.0,0
해외삼성 갤럭시 버즈3 실버 터치 컨트롤 AI 통역기,224140,0.0,0
해외갤럭시호환 버즈 3 프로용 실리콘 케이스 키체인 포함 이어폰 보호 커버,12960,0.0,0
해외JBL LIVE BUDS3 하이레졸루션 노이즈캔슬링 IP55방수방진 무선충전,248990,0.0,0
갤럭시 버즈3 프로 클리어 슬림핏 하드 투명 케이스,5990,0.0,0
프로 케이스 버즈3 J / 갤럭시,6500,0.0,0
해외Samsung 삼성 갤럭시 버즈 3 AI 트루 와이어리스 블루투스 이어버드 사운드 최적화,185640,0.0,0
해외버즈3 보호커버 버즈2 프로 블루투스 이어폰 커버 야하하 백팩 실리콘 버즈3,19800,0.0,0
해외OnePlus Buds 3 케이스 소프트 실리콘 블루투스 이어폰 방진 용 미끄럼 보호 커버,9200,0.0,0
해외Redmi Buds 3 Lite 이어폰 미끄럼 방지 커버 경량 케이스 충격 실리콘 슬리브,11600,0.0,0
해외Buds 3용 무선 이어폰 보호 커버 충격 방지 하우징 스킨 Dropship,10800,0.0,0
해외삼성 갤럭시 버즈3 프로 블루투스 이어버드 충전 케이스 화이트,449540,0.0,0
해외원플러스 버즈 3 ANC 무선 블루투스 이어폰,96500,0.0,0
삼성 갤럭시 버즈3 SM-R530 미개봉 새상품 AI 버즈 Buds3,130000,0.0,0
해외삼성갤럭시버즈3 삼성이어버드 블루투스 무선 이어폰,535780,0.0,0
해외JBL 무선이어폰 LIVE BUDS3 하이레조 하이브리드 노이즈 캔슬링,215000,0.0,0
해외원플러스 버즈 3 무선 블루투스 이어폰 노이즈 캔슬링,215740,0.0,0
해외삼성전자 갤럭시 버즈3 노이즈 리덕션 무선 블루투스이어폰 446791 스타리 실버,189900,0.0,0
해외갤럭시 버즈 3 무선 이어버드 헤드폰 - 실버,223840,0.0,0
해외삼성갤럭시버즈3 삼성이어버드 블루투스 노이즈캔슬링 무선 이어폰 실버 미국버전,322460,0.0,0
해외삼성갤럭시버즈3프로 삼성이어버드 블루투스 노이즈캔슬링 무선 이어폰 실버,320680,0.0,0
삼성 정품 갤럭시 버즈3 화이트,164000,0.0,0
삼성 정품 갤럭시 버즈3 실버,164000,0.0,0
해외삼성갤럭시버즈3 삼성이어버드 블루투스 노이즈캔슬링 무선 이어폰 터치 컨트롤 실버 리뉴드,210530,0.0,0
해외삼성갤럭시버즈3 삼성이어버드 블루투스 노이즈캔슬링 무선 이어폰 라틴 아메리카 버전 화이트,224980,0.0,0
삼성전자 갤럭시 버즈3 무선 블루투스 이어폰 SM-R530N 노이즈캔슬링,198000,0.0,0
삼성전자 갤럭시 버즈3 블루투스 이어폰 실버 SM-R530N,117900,0.0,0
해외AI 노이즈 캔슬링 이어폰정리 버즈3케이스 블루투스이어폰 매혹적인 블랙,544500,0.0,0
삼성전자 갤럭시 버즈3 SM R530NG,207410,0.0,0
갤럭시 버즈3 프로 캐리어 케이스,6240,0.0,0
해외삼성 갤럭시 버즈3,189900,0.0,0
해외JBL LIVE BUDS3 라이브 버즈3 4색상 JBLLIVEBUDS3,219000,0.0,0
해외JBL 무선 이어폰 LIVE BUDS3,362800,0.0,0
갤럭시 버즈3 + 성심당 튀김 소보로 케이스,189000,0.0,0
해외JBL 라이브 블루투스 이어폰 버즈 3,302500,0.0,0
해외삼성전자 갤럭시 버즈3 프로 노이즈 리덕션 무선 블루투스이어폰 440233,271300,0.0,0
삼성전자 갤럭시 버즈3 SM-R530N 미개봉 새상품 색상실버,149000,0.0,0
해외삼성 갤럭시 버즈 3 프로,245900,0.0,0
버즈3 SM-R530N 블루투스 이어폰 블랙 SG,211000,0.0,0
해외JBL 블루투스이어폰 LIVE BUDS 3 노이즈캔슬링 purple,275250,0.0,0
삼성 갤럭시 버즈3 SM-R530,219000,0.0,0
해외무선 커널형이어폰 흰색 Redmi3 Buds3 세미,57900,0.0,0
삼성 갤럭시 버즈3프로,299250,0.0,0
삼성전자 삼성 갤럭시 버즈3 R530 자급제,153000,0.0,0
100% 호환 미니 헤드폰 가방 Airpods 4 Pro2 3 Galaxy Buds3 / PU 지퍼 동전,12150,0.0,0
[갤럭시버즈] 버즈3 SM-R530N 블루투스 이어폰 실버 GD [재고보유 당일출고 상품],189000,0.0,0
[갤럭시] 버즈3 SM-R530N 블루투스 이어폰 블랙 GD [재고보유 당일출고 상품],249000,0.0,0
이도파인드 갤럭시버즈3 버즈3프로공용 갤럭시 버즈 라이브 철 가루 방지 메탈 스티커 개별포,1640,0.0,0
버즈3 프로 SM-R630N 블루투스 이어폰 블랙 SG,309000,0.0,0
[갤럭시] 버즈3 SM-R530N 블루투스 이어폰 화이트 GD [재고보유 당일출고 상품],249000,0.0,0
삼성전자 이어폰 갤럭시 버즈3 프로 무선 블루투스,360000,0.0,0
삼성전자 갤럭시 버즈3 SM R530N Jo,291160,0.0,0
삼성전자 갤럭시 버즈3 블루투스 이어폰,199000,0.0,0
갤럭시 버즈3블루투스이어폰 노이즈캔슬링 고성능,370000,0.0,0
삼성전자 갤럭시 버즈3 SM R530N Fs,291160,0.0,0
해외JBL LIVE BUDS 3 노이즈캔슬링이어폰 블루투스이어폰 블랙,246450,0.0,0
해외OnePlus Buds 3 Pro용 헤드폰 보호 커버 충격 방지 이어폰 케이스 악세서리,11900,0.0,0
해외버즈 3 프로용 헤드폰 분실 방지 로프 실리콘 낙하 마그네틱 랜야드 찢어짐 Z2z1,12600,0.0,0
해외버즈 3 프로용 헤드폰 분실 방지 로프 실리콘 낙하 마그네틱 찢어짐 랜야드 U0g8,12700,0.0,0
해외낫씽 이어 이어폰 이어버즈 3세대 세대 화이트 무선 옐로우 블랙 옐로우,206700,0.0,0
해외원플러스 버즈 3 Buds3 LHDC 코덱 블루투스 무선 이어폰,121600,0.0,0
해외원플러스 버즈 3 엑티브 노이즈캔슬링 블루투스 이어폰,122000,0.0,0
해외JBL 라이브 버즈 3 무선이어폰 스마트터치 경량 노이즈 캔슬링 파란색,189300,0.0,0
JBL 375170 Live Buds 3 무선 노이즈 캔슬링 버드형 이어버드 40시간,310960,0.0,0
해외삼성 갤럭시 버즈 3 AI 트루 와이어리스 블루투스 이어버드 이어폰,229800,0.0,0
해외이어폰케이스 버즈 3 프로용 투명 이어폰 케이스 부드러운 실리콘 헤드폰 커버 Case 02,9720,0.0,0
해외이어폰케이스 버즈 3 프로 비즈니스 가죽 이어폰 케이스 헤드폰 슬리브 H1U1 커버 D,12780,0.0,0
삼성 갤럭시 버즈3 블루투스 이어폰 SM R530 미개봉 새상품 코카콜라,169900,0.0,0
해외이어폰케이스 버즈 3 프로 스티커 충전 케이스 전기 도금 금속 장식 액세서리 Silver,9630,0.0,0
해외JBL LIVE BUDS 3 스마트 터치 디스플레이 탑재 무선 이어폰 소형 경량 블랙,160500,0.0,0
삼성 갤럭시 버즈3 블루투스 이어폰 SM-R530 미개봉 새상품,122100,0.0,0
해외JBL 라이브 버즈 3 무선이어폰 스마트터치 디스플레이 경량 고해상 노이즈 캔슬링,258750,0.0,0
해외무선 블루투스 저소음 이어폰 골전도 노이즈캔슬링 버즈3 블랙 프로 정품 블랙 하이,26600,0.0,0
삼성 갤럭시 버즈3 프로 블루투스 이어폰 SM-R630 미개봉 새상품,244200,0.0,0
해외이어폰케이스 버즈 3 프로용 보호 케이스 충격 방지 키체인 커버 L1X4 black,12600,0.0,0
해외이어폰케이스 Buds3 프로용 탄소 섬유 헤드폰 보호 케이스 블루투스 헤드폰용 하드 A,37710,0.0,0
해외이어팟이어팁 Buds3 프로용 낙하 방지 이어 후크 스포츠 무선 이어폰 360 회전 가능 1 개,7800,0.0,0
데반스 블루투스 무선 이어폰 폰 버즈 이어폰 s9 버즈3 셋 AI 화이트 중성 화이트 중성,17540,0.0,0
[새상품] 삼성정품 버즈3 왼쪽 화이트 이어폰 개별 낱개 단품 별도 한쪽 갤럭시 분실 정품 SM-R530N,36000,0.0,0
무선 블루투스 이어폰블루투스 솔로 기본판 Glass 발송 OpenRun 흰색 버즈3 기본판 흰색,89400,0.0,0
"갤럭시 버즈 3, WADVCU 5쌍 이어 후크 삼성 3 실리콘 액세서리 미끄럼 방지 커버 홀더 [충전 케이스에 맞지 않음](블랙)",33030,0.0,0
ambie 블루투스 이어폰케이스 실리콘커버 이어팟 이어폰 buds3/4 핑크건 핑크 핑크 리필 케이스,69000,0.0,0
[재고보유] 삼성 갤럭시 버즈3 프로 실버 (국내 정식 발매 제품) SM-R630NZAAKOO,330000,0.0,0
"갤럭시 버즈 3 프로용 이어 후크, 삼성 프로 실리콘 액세서리와 호환되는 WADVCU 5쌍 후크 [충전 케이스에 맞지 않음](멀티컬러)",33030,0.0,0
100% 호환 Galaxy Buds3 Pro 블루투스 이어버드(충전 케이스 포함) 메모리 폼 무선 헤드셋 몰입형,27630,0.0,0
조깅 이어버즈 3 기전도 밴드 귀안아픈 귀걸이형 이어폰 목걸이형 블루투스 5 소음감소 4 5.3 삼맥 소음 감소[프리미엄 골드],53000,0.0,0
"해외GCVXRUD 갤럭시 버즈 3 프로 케이스, 3D 귀여운 애니메이션 만화 악마 과일 실리콘 이어폰 보호 커버, 남아 에게 적합",720,0.0,0
해외삼성 갤럭시 버즈3 무선 이어버드 헤드폰 실버SM-R530NZAAXAR,200200,0.0,0
해외삼성 갤럭시 버즈3 무선 이어버드 헤드폰 화이트SM-R530NZWAXAR,207620,0.0,0
"BLLQ 4쌍 갤럭시 버즈3 이어 후크 커버 그립 팁 삼성 버즈 3, 화이트 804w4와 호환되는 미끄럼 방지 날개 액세서리",31050,0.0,0
"갤럭시 버즈 3 프로 이어 팁 메모리 폼, 케이스에 맞게 장착, L 사이즈 4쌍, 블랙 라지(버즈3프로폼L4p)용 폼 교체",33030,0.0,0
"갤럭시 버즈 3 프로용 이어 후크, 삼성 프로 실리콘 액세서리와 호환되는 WADVCU 5쌍 후크 [충전 케이스에 맞지 않음](블랙)",36270,0.0,0
"[5쌍] 삼성 갤럭시 버즈 3 프로용 이어 훅 커버, 스포츠 팁 커버 실리콘 미끄럼 방지 스크래치 프로 이어버드 액세서리(블랙)",33030,0.0,0
"iiEXCEL 3쌍 갤럭시 버즈 3 이어 훅 윙팁, 교체용 실리콘 윙 스포츠 이어훅 인체공학적 디자인 윙팁 홀더 - 블랙용 미끄럼 방지 편안한 액세서리",25920,0.0,0
A-포커스 갤럭시 버즈 3 이어 훅 스포츠 이어팁 교체 미끄럼 방지 실리콘 및 커버 삼성 블랙 4쌍과 호환되는 젤 윙 액세서리,27000,0.0,0
"A-포커스 갤럭시 버즈 3 프로 이어팁 교체 실리콘 이어버드 충전 케이스 커버 스킨 액세서리, 삼성 6쌍 그레이 L /M /S와 호환 가능",29160,0.0,0
"삼성 갤럭시 버즈3 (SM-R50), 중간 크기 실리콘 이어팁 이어버드 이어플러그 교체 버즈와 호환되는 6쌍 3 충전 케이스에 맞지 않음",29160,0.0,0
"[5쌍] 삼성 갤럭시 버즈용 이어 훅 커버 3, 스포츠 팁 실리콘 미끄럼 방지 윙팁 스크래치 이어팁 버즈 3 이어버드 액세서리(5가지 색상 혼합)",33030,0.0,0
A-포커스 갤럭시 버즈 3 미끄럼 방지 키트 교체 이어 후크 스포츠 팁 논슬립 실리콘 이어팁 및 커버 삼성 화이트와 호환되는 젤 윙 인체공학적 디자인 스트랩,29070,0.0,0
A-포커스 갤럭시 버즈 3 미끄럼 방지 키트 교체 이어 후크 스포츠 팁 논슬립 실리콘 이어팁 및 커버 삼성 블랙과 호환되는 젤 윙 인체공학적 디자인 스트랩,27000,0.0,0
해외SAMSUNG Galaxy Buds 3 Pro 무선 이어폰 노이즈 캔슬링 SM-R630 음질 최적화,260400,0.0,0
Ey 블루투스 이어폰 무선 있는 블루투스이어폰 HT08 버즈3 페어링 챌린지 블랙BX 08 JL,59200,0.0,0
갤럭시버즈3 버즈3프로공용/갤럭시 버즈 /갤럭시버즈플러스 /버즈 라이브 철가루 방지 메탈 스티커 개별포,1460,0.0,0
해외Galaxy Buds 3 Pro 소음 무선 헤드폰 Android iPhone 용 이어 몰입 형 HIFI 사운드,21800,0.0,0
[삼성 블루투스 이어폰] 삼성 갤럭시 버즈3 프로 실버 (국내 정식 발매 제품) SM-R630NZAAKOO,218000,0.0,0
해외[관부가세포함] JBL LIVE BUDS 3 무선 이어버드 스마트 터치 디스플레이 소형 경량 LDAC 고해상,236320,0.0,0
해외Samsung 삼성 갤럭시 버즈 3 프로 AI 트루 와이어리스 블루투스 이어버드 노이즈 캔 Silver,413840,0.0,0
[삼성 블루투스 이어폰] 삼성 갤럭시 버즈3 프로 화이트 (국내 정식 발매 제품) SM-R630NZWAKOO,216000,0.0,0
해외JBL 라이브 버즈 3 JBL Live Buds 3 블루투스 이어폰 Silver [관부가세포함],315890,0.0,0
[갤럭시버즈] 버즈3 프로 SM-R630N 블루투스 이어폰 화이트 GD [재고보유 당일출고 상품],329000,0.0,0
에어 고해상도 5 에코버즈 3 액티브 11mm 소음 Buds QCY 유닛 화웨이 프리버즈 6i 스카이 화이트,157100,0.0,0
[갤럭시] 버즈3 프로 SM-R630N 블루투스 이어폰 블랙 GD [재고보유 당일출고 상품],379000,0.0,0
해외Linsoul 린소울 TINHIFI Tin 버즈3 하이파이 TWS 유니크 베릴륨 진동판 90일,173240,0.0,0
해외이어패드 헤드셋 교체 이어쿠션 삼성 갤럭시 버즈 3 및 프로 소프트 TPU 보호 커버용 클리어 케이스 블랙,36640,0.0,0
[갤럭시] 버즈3 프로 SM-R630N 블루투스 이어폰 실버 GD [재고보유 당일출고 상품],379000,0.0,0
해외이어폰케이스 가죽 블루투스 무선 이어폰 케이스 Buds3 보호 커버 Buds3pro 01 Buds 3 pro,10710,0.0,0
해외[관부가세포함] 삼성 Samsung Galaxy Buds 3 AI True 무선 블루투스 이어버드 오픈형 핏,282000,0.0,0
해외이어폰케이스 탄소 섬유 이어폰 커버 버즈 3 프로 케이스 TPU 펀다 07 buds3 pro case,10620,0.0,0
해외이어폰케이스 버즈용 플래시 케이스 카메라 보호 쉘 커버 Flash Camera Galaxy Buds3 Pro,13320,0.0,0
해외이어폰케이스 레드미 버즈 보호 이어폰 커버 실리콘 케이스 헤드폰 코크 후크 포함 03 Redmi Buds 3,9000,0.0,0
해외삼성 삼성 완전무선이어폰 갤럭시 버즈3 액티브노이즈캔슬링블루투스지원 White SM-R530NZWAXJP,304000,0.0,0
해외이어폰케이스 투명 블루투스 이어폰 보호대 케이스 버즈 3 프로 헤드폰 보호 슬리브 카라비너 포함 A,10350,0.0,0
"해외에어팟 이어팁 이어스킨 스포츠 커버 갤럭시 버즈3 프로 멀티 플렌지 이어팁블랙, 미디엄",53360,0.0,0
해외화웨이 프리버즈 3 용 배터리 프리버즈 4 4E 블루투스 이어폰 T0004C HB681636ECW 100%,22510,0.0,0
해외이어폰케이스 버즈 3 용 헤드셋 투명 케이스 TPU 보호 커버 스크래치 방지 보호대 프로 Transparent,10170,0.0,0
해외이어폰케이스 청소 키트 포함 투명 잠금 케이스 버즈 3 프로용 충전 Black S Buds3 Pro Case,11070,0.0,0
[삼성 블루투스 이어폰] 삼성 갤럭시 버즈3 실버 (국내 정식 발매 제품) SM-R530NZAAKOO,122000,0.0,0
해외이어폰케이스 탄소 섬유 질감 이어폰 보호 케이스 버즈 3 프로용 충격 방지 TPU transparent,10440,0.0,0
해외이어폰케이스 Buds3 프로 및 버즈 3 용 투명 케이스 카라비너 하드 커버 낙하 방지 황변 B5R2 B,12060,0.0,0
해외이어폰케이스 버즈 보안 잠금 케이스 프로용 충격 방지 귀여운 보호 커버 Black for Buds 3 Pro,13500,0.0,0
해외이어폰케이스 버즈 용 실리콘 케이스 청소 키트 포함 무선 충전 박스 프로용 01 For Galaxy Buds 3,11430,0.0,0
운동이어폰 호환 런닝이어폰 갤럭시 아이폰 무선 충전기 갤럭시워치 버즈 3 in 1 Black 고속충전,72630,0.0,0
Galaxy Buds 3 Pro Bluetooth 이어버드(충전 헤드폰 포함) 귀에 몰입형 HIFI 사운드 소음,27900,0.0,0
무선 이어폰 기존 Oneplus Buds 3 이어폰 무선 소음 49dB 능동형 차단 헤드폰 BT Bluetooth,113700,0.0,0
해외OnePlus Buds 3 메탈릭 그레이 딥 베이스 ANC 몰입형 사운드 충전 케이스 포함 최대 44시간 재생 시간 블루투스 5.3,179550,0.0,0
해외이어폰케이스 버즈 클리어 이어폰 케이스 프로 커버 보호대 소프트 실리콘 헤드폰 랜야드 07 For Buds 3 Case,9540,0.0,0
해외이어폰케이스 Buds3 프로 이어폰 케이스 스위치 포함 탄소 섬유 청소 키트 버즈 여성용 Silicone Case For 2024 Buds 3,13680,0.0,0
"해외GCVXRUD Compatible with Samsung Galaxy Buds 3/Buds 3 Pro Earphone Case, Funny Creative Snack Food Pa",17200,0.0,0
"해외[ 940884 ] GCVXRUD 갤럭시 버즈 3 프로 케이스, 3D 귀여운 애니메이션 만화 악마 과일 실리콘 이어폰 보호 커버, 남아 여아에게 적합",19700,0.0,0
"해외[ 940885 ] GCVXRUD 갤럭시 버즈 3 프로 케이스, 3D 가지 만화 귀여운 케이스 버드 프로, 충격 쿠션 실리콘 재미있는 헤드폰 3과 호환 가능, 여아용 여성용",18900,0.0,0
해외이어폰케이스 DIY 꽃 나비 장식 커버 버즈 3 프로 케이스 프로용 소프트 TPU 보호 펀다 팔찌 C For Galaxy Buds3,11610,0.0,0
해외GCVXRUD Compatible with Samsung Galaxy Buds 3/Buds 3 Pro Earphone Case Funny Creative Snack Food Pat,15500,0.0,0
"해외GCVXRUD Compatible with Samsung Galaxy Buds 3/Buds 3 Pro Earphone Case, Funny Creative Sna-166",25100,0.0,0
"해외Olytop 삼성 갤럭시 버드 3 프로 & 버즈 3용 케이스, 클리너 키트가 있는 실리콘 보호 커버, 레드-293",25940,0.0,0
"해외GCVXRUD 갤럭시 버즈 3 프로 케이스, 3D 귀여운 애니메이션 만화 악마 과일 실리콘 이어폰 보호 커버, 남아 여아에게 적합-110",25410,0.0,0
해외JBL LIVE BUDS 3 LDAC 10 스마트 터치 디스플레이 탑재 무선 이어폰 소형 경량 고해상도 무선 대응 노이즈,245200,0.0,0
해외갤럭시 버즈 3 프로 AI 트루 와이어리스 블루투스 이어버드 노이즈 캔슬링 사운드 최적화 새롭게 디자인된 컴포트 핏 실버 미국 버전 아마존 독점 2년 보증,418560,0.0,0
해외갤럭시 버즈 3 AI 트루 와이어리스 블루투스 이어버드 오픈 타입 핏 액티브 노이즈 캔슬링 360 오디오 터치 컨트롤 실버 미국 버전 아마존 독점 2년 보증,302720,0.0,0
"해외블루투스 헤드폰 오디오 이어패드 헤드밴드 갤럭시 버즈3 프로블랙, 엑스 스몰와 호환되는 프리미엄 멀티 플랜지 이어팁",52800,0.0,0
해외SAMSUNG 갤럭시 Buds 3 True 무선 블루투스 Earbuds 오픈 타입 핏 액티브 노이즈 캔슬링 360 오디오 터치 컨트롤 실버,171710,0.0,0
해외JBL 라이브 버즈 3 무선 노이즈캔슬링 버드 타입 이어버드 총 충전 6 마이크 멀티 포인트 IP55 방수 방진 블랙,322210,0.0,0
"해외삼성 갤럭시 버즈 3 프로 AI 트루 와이어리스 블루투스 이어버드, 노이즈 캔슬링, 사운드 최적화, 실시간 인터프리터, 새롭게 디자인된 컴포트 핏 라틴 아메리카 버전실버",282240,0.0,0
해외삼성 갤럭시 버즈 3 프로 AI 트루 무선 블루투스 이어폰 소음 차단 사운드 최적화 실시간 통역기 재설계된 편안한 착용감 화이트,292320,0.0,0
해외원플러스 버즈 3 메탈릭 그레이 깊은 베이스 액티브 노이즈 캔슬링 몰입감 있는 사운드 충전 케이스 포함 최대 44시간 재생 시간 블루투스 53,217360,0.0,0
"해외블루투스 헤드폰 이어폰 케이스 이어버드 삼성 갤럭시 버즈 3 프로 AI 트루 와이어리스 이어버드, 노이즈 캔슬링, 사운드 최적화, 실시간 인터프리터, 새롭게 디자인된 컴 White",272000,0.0,0
해외삼성 갤럭시 버즈 3 AI 트루 와이어리스 블루투스 이어버드 오픈 타입 핏 액티브 노이즈 캔슬링 360 오디오 실시간 인터프리터 터치 컨트롤 실버 - 미국 버전 갱신 Silver,204050,0.0,0
해외삼성 갤럭시 버즈 3 프로 AI 트루 무선 블루투스 이어버드 소음 차단 사운드 최적화 실시간 통역기 재설계된 편안한 핏 라틴 아메리카 버전 실버,305120,0.0,0
해외삼성 갤럭시 버즈 3 AI 트루 무선 블루투스 이어폰 오픈 타입 핏 능동 소음 차단 360 오디오 터치 컨트롤 실버 미국 버전 아마존 독점 2년 보증,217360,0.0,0
해외갤럭시 버즈 3 프로 AI 트루 와이어리스 블루투스 이어버드 노이즈 캔슬링 사운드 최적화 실시간 인터프리터 새롭게 디자인된 컴포트 핏 라틴 아메리카 버전화이트,279520,0.0,0
해외갤럭시 버즈 3 프로 AI 트루 와이어리스 블루투스 이어버드 노이즈 캔슬링 사운드 최적화 실시간 인터프리터 새롭게 디자인된 컴포트 핏 라틴 아메리카 버전실버,294960,0.0,0
삼성 갤럭시 버즈3 프로용 아하스타일 실리콘 케이스 2024 충격 방지 전체 보호 피부 커버 시리즈 지원 무선 충전 블랙 Black,38960,0.0,0
해외블루밍 플로럴 이어버드 케이스 에어팟 4 프로 2 비트 보스 갤럭시 버즈 3용 카라비너 휴대용 EVA Blooming Floral,38800,0.0,0
"해외비츠 솔로 버즈 이어폰 케이스 삼성 갤럭시 버즈3 프로 및 2024 케이스용 덱스너 러기드 범퍼 케이스, 카라비너 키링이 포함된 충격 방지 투명 보호 커버, 3/3 블루용",62320,0.0,0
해외AhaStyle Samsung Galaxy Buds3 Pro Galaxy Samsung Galaxy Buds3 TPU 및 Buds3(2024)용 클리어 케이스,47910,0.0,0
"해외이어패드 한 쌍 헤드셋 커버 스퀘어 이어버드 케이스, 헤드폰 정리함 케이스 휴대용 EVA 보관 가방 에어팟 4 프로 2 비츠 보스 갤럭시 버즈 3 데이 Blooming Floral",38160,0.0,0
해외골밀도이어폰 케이스 Redmi Buds 3 Pro Shell Buds3 Buds3Pro 블루투스 헤드폰 커버 소프트 샤크,14860,0.0,0
해외삼성 삼성 완전무선이어폰 갤럭시 버즈 3프로 액티브 노이즈 캔슬링 블루투스지원 White SM-R630NZWAXJP,421400,0.0,0
해외블루투스 무선 이어폰 글로벌 버전 redmi buds 3 lite 진정한 5.2 헤드폰 소음 제거 mi buds 3 lite,47600,0.0,0
해외Redmi Buds 3 Lite Youth Chinese Edition Bluetooth Headset Ture Wireless Earphones In-Ear Cat ear des,18170,0.0,0
해외이어폰케이스 부드러운 실리콘 카메라 이어폰 케이스 레드미 버즈 3 라이트 헤드폰 보호 커버 프로용 camera style Redmi Buds 4 Pro,17730,0.0,0
해외Redmi Buds 3 Lite Wireless in-Ear Headphones Fone De Ouvido Bluetooth 5.2 IPX4 Compatible Dual Conne,17850,0.0,0
해외이어폰케이스 부드러운 투명 TPU 케이스 버즈 3 프로 키체인 실리콘 보호대 포함 펀다 Purple S Buds3 Pro Case,9540,0.0,0
해외블루투스 무선 이어폰 글로벌 버전 redmi buds 3 lite 5.2 노이즈 감소 터치 컨트롤 mi buds 3 진정한 헤드폰,50900,0.0,0
해외글로벌 버전 레드미 버즈 3 라이트 TWS 무선 이어폰 블루투스 5.2 헤드폰 버즈 3 청소년 에디션 레드미 노트 10 프로용,28350,0.0,0
해외이어폰케이스 부드러운 실리콘 투명 케이스 버즈 3 프로 헤드폰 보호대 쉘 커버 21 For Galaxy Buds3 Pro,9720,0.0,0
해외이어폰케이스 버즈 3/ 3 프로용 아머 케이스 보안 잠금 커버 프로 남성용 청소 키트 포함 2 인 06 buds3 pro case,11520,0.0,0
해외이어폰케이스 휴대용 헤드폰 박스 케이스 후크 충전 보호 커버 교체 액세서리 스크래치 방지 Redmi Buds 3 Lite용 Black,9270,0.0,0
해외이어폰케이스 Buds3 프로용 무선 블루투스 헤드셋 케이스 투명 하드 PC 헤드폰 커버 01 For Galaxy Buds 3,9360,0.0,0
해외삼성 갤럭시 버즈 3 프로 AI 트루 와이어리스 블루투스 이어버드 노이즈 캔슬링 사운드 최적화 실시간 인터프리터 새롭게 디자인 컴포트 핏 라틴 아메리카 버전(실버),353600,0.0,0
해외2024 오리지널 원플러스 버즈 3 Dyn이어폰 TWS 블루투스 48dB 노이즈 캔슬링 원플러스 12 용 무선 헤드폰 신제품,103850,0.0,0
해외삼성 갤럭시 버즈3 2024 방수 AI 실시간 언어 통역기 트루 와이어리스 블루투스 하이파이 사운드 노이즈 캔슬링 터치 컨트롤 실버,259200,0.0,0
해외이어폰케이스 DIY 곰 꽃 장식 커버 버즈 3 프로 케이스 소프트 TPU 보호 펀다 펜던트 E For Galaxy Buds3 Pro,11520,0.0,0
해외이어폰케이스 버즈 및 프로용 보안 잠금 케이스 3/버즈 프로 충격 방지 귀여운 보호 커버 Black For Galaxy Buds 3,13770,0.0,0
해외이어폰케이스 원플러스 버즈 3 프로용 헤드폰 보호 커버 충격 방지 케이스 이어폰 충돌 액세서리 먼지 J5e7 Red,9360,0.0,0
해외이어폰케이스 버즈 프로용 이어폰 케이스 커버 보호대 소프트 실리콘 헤드폰 보호 쉘 스킨 박스 Yellow For Galaxy Buds 3,9900,0.0,0
해외이어폰케이스 버즈 프로용 낙하 방지 박스 보안 잠금 이어폰 투명 케이스 커버 쉘 헤드폰 보호대 03 Buds 3 pro,13680,0.0,0
해외이어폰케이스 버즈 FE 라이브 프로 2 충전 케이스 3D 게임패드 실리콘 보호대 Black Lanyard For Buds3 Pro 2024,12510,0.0,0
해외삼성 갤럭시 버즈3 2024 방수 AI 실시간 언어 통역기 트루 와이어리스 블루투스 54 이어버드 하이파이 사운드 노이즈 캔슬링 터치 컨트롤 화이트,244000,0.0,0
해외이어팟이어팁 부드러운 고무 분실 방지 이어폰 후크 갤럭시 버즈 3 프로/버즈 무선 블루투스 헤드폰 이어 팁 스탠드 스트랩,9600,0.0,0
해외이어폰케이스 버즈 프로 케이스 청소 펜 포함 럭셔리 이어폰 액세서리 충격 방지 보호 FE 라이브 2 in 1 Galaxy buds 3,12600,0.0,0
해외이어폰케이스 버즈 3 프로용 투명 이어폰 케이스 보호대 소프트 실리콘 헤드폰 커버 보호 쉘 스킨 박스 Clear For Galaxy Buds3 Pro,9360,0.0,0
해외이어폰 케이스 키링 갤럭시 버즈 3 AI 트루 와이어 블루투스 이어버드 + 프로 케이스용 2Pcs 2024 새로운 실리콘 커버 산악용 버클 포함 Black,51840,0.0,0
해외이어팟이어팁 버즈 3/3 프로용 분실 방지 이어 후크 360 회전 가능 이어폰 각도 조절 부드러운 실리콘 귀를 짜지 않음,8200,0.0,0
해외이어폰케이스 실리콘 보호 케이스 원플러스 버즈 3 이어폰 커버 쉘 충격 방지 스크래치 프레임 세척 가능한 방진 슬리브 dark green,11160,0.0,0
해외이어폰케이스 버즈 3 프로용 커버 보안 잠금 클립 및 청소 키트 포함 충격 방지 하드 쉘 펀다 Only Black S For Buds3 Case,13680,0.0,0
해외이어폰케이스 반 고흐 유화 이어폰 케이스 프리버즈 3 4 5 4e 4i 5i 프로 2 컬렉션 가치 아트워크 커버 버드용 1 huawei freebuds se2,15120,0.0,0
해외이어팟이어팁 분실 방지 귀고리 귀걸이 착용감 부드러운 고무 무선 이어폰 보호 액세서리 갤럭시 버즈 3 프로용 1 쌍 홀더,12300,0.0,0
해외One플러스 노이즈캔슬링 이어폰 인이어 스테레오 Buds 3 메탈릭 그레이 딥 베이스 ANC 몰입형 사운드 충전 케이스 포함 시 44시간 재생 시간 블루투스 5 Gray,200710,0.0,0
삼성 갤럭시 버즈 3 프로 AI 트루 와이어리스 블루투스 이어버드 노이즈 캔슬링 사운드 최적화 실시간 통역기 새롭게 디자인된 컴포트 핏 라틴 아메리카 버전(화이트),348800,0.0,0
해외삼성 갤럭시 버즈 3 AI 트루 무선 블루투스 이어버드 사운드 최적화 실시간 통역기 노이즈 캔슬링 재설계된 핏 터치 컨트롤 실버 미국판 아마존 독점 2년 보증,353520,0.0,0
"해외삼성 갤럭시 버즈 3 프로 AI 트루 와이어리스 블루투스 이어버드 20 아마존 기프트 카드, 노이즈 캔슬링, 사운드 최적화, 새롭게 디자인된 컴포트 핏, 실버 미국 버전, 독점",362720,0.0,0
해외JBL 제이비엘 라이브 버즈 3 진정한 무선 노이즈 캔슬링 버드 타입 이어버드 총 재생 시간 40시간 충전 완벽한 통화를 위한 6 마이크 멀티 포인트 연결 IP55 방수 및 방진블,278720,0.0,0
해외삼성 갤럭시 버즈 3 프로 AI 트루 무선 블루투스 이어버드 노이즈 캔슬링 사운드 최적화 실시간 통역기 새롭게 디자인된 컴포트 실버 미국 버전 아마존 독점 2년 보증,583360,0.0,0
해외JBL Live Buds 3 트루 와이어리스 노이즈 캔슬링 버드 타입 이어버드 총 40시간 재생 무선 충전 완벽한 통화를 위한 마이크 6개 멀티포인트 연결P55 방수 및 방진,357200,0.0,0
해외이어폰 케이스 키링 갤럭시 버즈 3Buds 3 프로 AI 트루 와이어 블루투스 이어버드 클리닝 키트가 포함된 부드러운 실리콘 커버 열쇠고리 랜야드 33 2024용 충격 방지 커,48240,0.0,0
"해외에어팟 이어팁 호환 교체용 초슬림 삼성 갤럭시 버즈 3 및 프로 이어버드 액세서리, 미끄럼 방지, 인체공학적 디자인, 편안한 착용감을 위해 설계된 엘라고 이어 후크블랙",48720,0.0,0
"해외에어팟 이어팁 미끄럼방지 스키니 스포츠 삼성 갤럭시 버즈3 프로 2024, S/M/L 3 사이즈 더블 플렌지 실리콘 이어버드 교체 핏 버즈 3와 호환되는 경우를 대비한 델리디지",53440,0.0,0
해외삼성 삼성 완전무선이어폰 갤럭시 버즈3 액티브노이즈캔슬링블루투스지원실버 SM-R530NZAAXJP,326500,0.0,0
해외삼성 삼성 완전무선이어폰 갤럭시 버즈3프로 액티브노이즈캔슬링블루투스지원실버 SM-R630NZAAXJP,421400,0.0,0
해외레드미 버즈 3 라이트 무선 블루투스 헤드폰 5.2 블루투스 헤드폰 스포츠 헤드폰 인이어 헤드폰,16280,0.0,0
해외이어팟이어팁 사운드 아이솔레이션 이어팁 버즈 3Pro 용 이어 플러그 실리콘 컴포트 핏 팁 교체,13400,0.0,0
정품 갤럭시 버즈3 버즈3 프로 케이스 카라비너 클립 투명,18900,4.84,1288
버즈 케이스 버즈 3 프로 바셀린 케이스,7500,4.83,585
아즈라 크리스탈 갤럭시 버즈3 프로용 이어팁 삼성 SMAPP 인증 정품 호환,24900,4.85,2195
미아크 갤럭시 버즈3 / 버즈3 프로 캐리어 케이스,19900,4.84,2082
아즈라 맥스 버즈3프로 이어팁 삼성 SMAPP 정품 호환 독일 프리미엄 LSR 이어캡,24900,4.88,943
해태 갤럭시 버즈3 프로 오예스 케이스 with 키링,25900,4.9,142
빅쏘 갤럭시 버즈3 / 버즈3 프로 케이스 레빅스킨,10900,4.82,929
삼성 갤럭시 버즈3 버즈3프로 케이스 DeWALT 디월트 타이탄,36900,4.82,274
삼성 SMAPP 정품 갤럭시 버즈3 프로 투명 케이스 클리어 하드 케이스,11900,4.82,622
"엘라고 버즈3 이어팁 (2세트) + N pay 1,000원",9900,4.11,874
지구촌마트 삼성 갤럭시 버즈3 프로 케이스 실리콘 바세린 케이스,5000,4.89,532
로랜텍 갤럭시 버즈3/버즈3 프로 크리스탈 변색방지 TPU 투명 젤리케이스,5900,4.89,195
링케 미니 파우치 에어팟 프로2 갤럭시버즈3 버즈2 무선 이어폰 케이스 블럭/블랙,10800,4.87,2753
갤럭시 버즈3 프로 케이스 젤리 버즈3 호환 딥컬러,5900,4.83,367
갤럭시 버즈3케이스 버즈3프로 호환 발바닥 키링세트,12800,4.9,61
버즈 3 3프로 내셔널지오그래픽 러기드 범퍼 락 케이스,20240,4.9,886
갤럭시 버즈3프로 캐릭터 케이스 Galaxy Buds3 Pro 플래쉬카메라,9200,4.49,227
[NEW]휠 캐릭터 실리콘 입체 갤럭시 버즈3 프로 커버 케이스,13800,4.72,233
노존 QI2 맥세이프 충전기 갤럭시 워치 버즈3 프로 3IN1 무선 고속 충전 프리미엄버전,48900,4.72,259
갤럭시 버즈3 호환 유닛 분실방지 이어팁 이어훅 스탠다드 실리콘 이어 후크 숏타입,6900,4.4,248
갤럭시 버즈3 프로 케이스 PRO 범퍼 클리어,9900,4.7,111
삼성 갤럭시 버즈3 버즈3프로 성심당 튀김 소보로 케이스 정품 커버,22900,4.88,91
엘라고 갤럭시 버즈3 프로 카세트 테이프 행 케이스,22500,4.81,749
엘라고 갤럭시 버즈3 프로 삐삐 스트랩 케이스,22900,4.78,303
삼성 갤럭시 버즈3 버즈3프로 카라비너 클립 투명 케이스,15900,4.84,172
